gaearon,1454
bvaughn,1256
sophiebits,875
zpao,821
acdlite,732
sebmarkbage,704
trueadm,428
petehunt,205
chenglou,152
vjeux,140
jimfb,116
jeffmo,111
subtleGradient,110
nhunzaker,94
necolas,92
benjamn,89
yungsters,84
syranide,69
flarnie,67
koba04,66
aweary,61
cpojer,56
marocchino,45
kohei-takata,39
lunaruan,30
TheSavior,30
chicoxyzzy,29
rickhanlonii,27
keyz,26
NE-SmallTown,22
mcsheffrey,21
joshduck,21
jquense,18
aickin,18
Daniel15,18
philipp-spiess,17
iamdustan,17
hellendag,17
eps1lon,17
SimenB,17
threepointone,16
sompylasar,15
raphamorim,15
fabiomcosta,15
Simek,15
cody,14
bgw,14
arkist,14
tomocchino,13
iamchenxin,13
